fit_type,fit_order,template_model,catalogs,fitting_quantities,quantity_to_fit,chi_sq,reduced_chi_sq,c2A_22_from_22_220_median_p0,c2A_22_from_22_220_median_p1,c2A_22_from_22_220_median_p2,c2A_22_from_22_220_median_p3,c2A_22_from_22_220_median_p4,c2A_22_from_22_220_median_p5,c2A_22_from_22_220_median_p6,c2A_22_from_22_220_median_p7,c2A_22_from_22_220_median_p8,c2A_22_from_22_220_median_p9,c2A_22_from_22_220_median_p10,c2A_22_from_22_220_median_p11,c2A_22_from_22_220_median_p12,c2A_22_from_22_220_median_p13,c2A_22_from_22_220_median_p14,c2A_22_from_22_220_median_p15,c2A_22_from_22_220_median_p16,c2A_22_from_22_220_median_p17,c2A_22_from_22_220_median_p18,c2A_22_from_22_220_median_p19,c3A_22_from_22_220_median_p0,c3A_22_from_22_220_median_p1,c3A_22_from_22_220_median_p2,c3A_22_from_22_220_median_p3,c3A_22_from_22_220_median_p4,c3A_22_from_22_220_median_p5,c3A_22_from_22_220_median_p6,c3A_22_from_22_220_median_p7,c3A_22_from_22_220_median_p8,c3A_22_from_22_220_median_p9,c3A_22_from_22_220_median_p10,c3A_22_from_22_220_median_p11,c3A_22_from_22_220_median_p12,c3A_22_from_22_220_median_p13,c3A_22_from_22_220_median_p14,c3A_22_from_22_220_median_p15,c3A_22_from_22_220_median_p16,c3A_22_from_22_220_median_p17,c3A_22_from_22_220_median_p18,c3A_22_from_22_220_median_p19,c2p_22_from_22_220_median_p0,c2p_22_from_22_220_median_p1,c2p_22_from_22_220_median_p2,c2p_22_from_22_220_median_p3,c2p_22_from_22_220_median_p4,c2p_22_from_22_220_median_p5,c2p_22_from_22_220_median_p6,c2p_22_from_22_220_median_p7,c2p_22_from_22_220_median_p8,c2p_22_from_22_220_median_p9,c2p_22_from_22_220_median_p10,c2p_22_from_22_220_median_p11,c2p_22_from_22_220_median_p12,c2p_22_from_22_220_median_p13,c2p_22_from_22_220_median_p14,c2p_22_from_22_220_median_p15,c2p_22_from_22_220_median_p16,c2p_22_from_22_220_median_p17,c2p_22_from_22_220_median_p18,c2p_22_from_22_220_median_p19,c3p_22_from_22_220_median_p0,c3p_22_from_22_220_median_p1,c3p_22_from_22_220_median_p2,c3p_22_from_22_220_median_p3,c3p_22_from_22_220_median_p4,c3p_22_from_22_220_median_p5,c3p_22_from_22_220_median_p6,c3p_22_from_22_220_median_p7,c3p_22_from_22_220_median_p8,c3p_22_from_22_220_median_p9,c3p_22_from_22_220_median_p10,c3p_22_from_22_220_median_p11,c3p_22_from_22_220_median_p12,c3p_22_from_22_220_median_p13,c3p_22_from_22_220_median_p14,c3p_22_from_22_220_median_p15,c3p_22_from_22_220_median_p16,c3p_22_from_22_220_median_p17,c3p_22_from_22_220_median_p18,c3p_22_from_22_220_median_p19,c4p_22_from_22_220_median_p0,c4p_22_from_22_220_median_p1,c4p_22_from_22_220_median_p2,c4p_22_from_22_220_median_p3,c4p_22_from_22_220_median_p4,c4p_22_from_22_220_median_p5,c4p_22_from_22_220_median_p6,c4p_22_from_22_220_median_p7,c4p_22_from_22_220_median_p8,c4p_22_from_22_220_median_p9,c4p_22_from_22_220_median_p10,c4p_22_from_22_220_median_p11,c4p_22_from_22_220_median_p12,c4p_22_from_22_220_median_p13,c4p_22_from_22_220_median_p14,c4p_22_from_22_220_median_p15,c4p_22_from_22_220_median_p16,c4p_22_from_22_220_median_p17,c4p_22_from_22_220_median_p18,c4p_22_from_22_220_median_p19
non-spinning,1,polynomial,RIT,ecc,c2A_22_from_22_220_median,7524.847451069926,34.04908348900419,0.2049238329199958,0.003736103790307,,,,,,,,,,,,,,,,,,,,,,,,,,,,,,,,,,,,,,,,,,,,,,,,,,,,,,,,,,,,,,,,,,,,,,,,,,,,,,,,,,,,,,,,,,,,,,,,,,
non-spinning,2,polynomial,RIT,ecc,c2A_22_from_22_220_median,7524.401529327469,34.20182513330668,0.2050736657335211,0.0032830602537438,-0.0009627524893874,,,,,,,,,,,,,,,,,,,,,,,,,,,,,,,,,,,,,,,,,,,,,,,,,,,,,,,,,,,,,,,,,,,,,,,,,,,,,,,,,,,,,,,,,,,,,,,,,
non-spinning,3,polynomial,RIT,ecc,c2A_22_from_22_220_median,4989.107725982317,22.781313817270853,0.1974203224785025,-0.0216819834636931,0.0826385604075025,0.1219726535583171,,,,,,,,,,,,,,,,,,,,,,,,,,,,,,,,,,,,,,,,,,,,,,,,,,,,,,,,,,,,,,,,,,,,,,,,,,,,,,,,,,,,,,,,,,,,,,,,
non-spinning,1,polynomial,RIT,nu,c2A_22_from_22_220_median,6758.970243587979,30.583575762841534,0.2129464180103778,-0.0136462065770884,,,,,,,,,,,,,,,,,,,,,,,,,,,,,,,,,,,,,,,,,,,,,,,,,,,,,,,,,,,,,,,,,,,,,,,,,,,,,,,,,,,,,,,,,,,,,,,,,,
non-spinning,2,polynomial,RIT,nu,c2A_22_from_22_220_median,6600.6591862834375,30.002996301288352,0.2170951960896852,-0.0085648444407521,-0.0106440427175466,,,,,,,,,,,,,,,,,,,,,,,,,,,,,,,,,,,,,,,,,,,,,,,,,,,,,,,,,,,,,,,,,,,,,,,,,,,,,,,,,,,,,,,,,,,,,,,,,
non-spinning,3,polynomial,RIT,nu,c2A_22_from_22_220_median,6587.552088900578,30.080146524660176,0.2164214009741355,-0.0024008929767071,-0.0092844509093341,-0.0072579409952574,,,,,,,,,,,,,,,,,,,,,,,,,,,,,,,,,,,,,,,,,,,,,,,,,,,,,,,,,,,,,,,,,,,,,,,,,,,,,,,,,,,,,,,,,,,,,,,,
non-spinning,1,polynomial,RIT,nu-ecc,c2A_22_from_22_220_median,6736.716199062161,30.62143726846437,0.2133615789151877,-0.0134886387141852,0.0026427794138618,,,,,,,,,,,,,,,,,,,,,,,,,,,,,,,,,,,,,,,,,,,,,,,,,,,,,,,,,,,,,,,,,,,,,,,,,,,,,,,,,,,,,,,,,,,,,,,,,
non-spinning,2,polynomial,RIT,nu-ecc,c2A_22_from_22_220_median,6473.25988427115,29.83069071092696,0.2213824232314661,-0.0049195337310069,0.0101362298548104,-0.0175938507636441,-0.0094750160802415,-0.0046723644080304,,,,,,,,,,,,,,,,,,,,,,,,,,,,,,,,,,,,,,,,,,,,,,,,,,,,,,,,,,,,,,,,,,,,,,,,,,,,,,,,,,,,,,,,,,,,,,
non-spinning,3,polynomial,RIT,nu-ecc,c2A_22_from_22_220_median,4170.250859252272,19.578642531700808,0.2064987760620364,-0.0216027676712385,-0.019730373704353,0.004480113775419,0.0324491175115465,0.0954243303607238,0.0045154385595153,-0.0403964374247624,-0.021040471414862,0.1207144752309317,,,,,,,,,,,,,,,,,,,,,,,,,,,,,,,,,,,,,,,,,,,,,,,,,,,,,,,,,,,,,,,,,,,,,,,,,,,,,,,,,,,,,,,,,,
non-spinning,1,polynomial,RIT,b_massless_EOB,c2A_22_from_22_220_median,7471.438168764578,33.80741252834651,0.2162872628591227,-0.017308432168537,,,,,,,,,,,,,,,,,,,,,,,,,,,,,,,,,,,,,,,,,,,,,,,,,,,,,,,,,,,,,,,,,,,,,,,,,,,,,,,,,,,,,,,,,,,,,,,,,,
non-spinning,2,polynomial,RIT,b_massless_EOB,c2A_22_from_22_220_median,4899.211025964085,22.26914102710948,0.2268588612799307,-0.1127381959417046,0.1100995733226697,,,,,,,,,,,,,,,,,,,,,,,,,,,,,,,,,,,,,,,,,,,,,,,,,,,,,,,,,,,,,,,,,,,,,,,,,,,,,,,,,,,,,,,,,,,,,,,,,
non-spinning,3,polynomial,RIT,b_massless_EOB,c2A_22_from_22_220_median,4875.51929378642,22.262645177106943,0.2097205402640652,-0.0850626520043812,0.13220164028748,-0.0359348958216774,,,,,,,,,,,,,,,,,,,,,,,,,,,,,,,,,,,,,,,,,,,,,,,,,,,,,,,,,,,,,,,,,,,,,,,,,,,,,,,,,,,,,,,,,,,,,,,,
non-spinning,1,polynomial,RIT,nu-b_massless_EOB,c2A_22_from_22_220_median,6142.378724802789,27.91990329455813,0.2503542919455121,-0.0194240878541687,-0.0482361735861105,,,,,,,,,,,,,,,,,,,,,,,,,,,,,,,,,,,,,,,,,,,,,,,,,,,,,,,,,,,,,,,,,,,,,,,,,,,,,,,,,,,,,,,,,,,,,,,,,
non-spinning,2,polynomial,RIT,nu-b_massless_EOB,c2A_22_from_22_220_median,4366.1555392982,20.12053243916221,0.2485824426270179,-0.0146270645319256,-0.1195764503318623,-0.0120253238968325,0.0156730725583027,0.0989446993853823,,,,,,,,,,,,,,,,,,,,,,,,,,,,,,,,,,,,,,,,,,,,,,,,,,,,,,,,,,,,,,,,,,,,,,,,,,,,,,,,,,,,,,,,,,,,,,
non-spinning,3,polynomial,RIT,nu-b_massless_EOB,c2A_22_from_22_220_median,4270.677900385214,20.05013098772401,0.2539869661054236,-0.0299319116151739,-0.1077325494466305,0.0068380141585694,-0.0055691531806102,0.0719908863641745,-0.005278504140087,-0.0116437249061802,0.0468166678674399,0.0038086270999758,,,,,,,,,,,,,,,,,,,,,,,,,,,,,,,,,,,,,,,,,,,,,,,,,,,,,,,,,,,,,,,,,,,,,,,,,,,,,,,,,,,,,,,,,,
non-spinning,1,polynomial,RIT,Heff_til,c2A_22_from_22_220_median,7217.11893539753,32.65664676650466,0.2092064856454593,0.0123175062739949,,,,,,,,,,,,,,,,,,,,,,,,,,,,,,,,,,,,,,,,,,,,,,,,,,,,,,,,,,,,,,,,,,,,,,,,,,,,,,,,,,,,,,,,,,,,,,,,,,
non-spinning,2,polynomial,RIT,Heff_til,c2A_22_from_22_220_median,7216.730662101325,32.80332119136966,0.209051246416889,0.0127352458169303,0.001024440808732,,,,,,,,,,,,,,,,,,,,,,,,,,,,,,,,,,,,,,,,,,,,,,,,,,,,,,,,,,,,,,,,,,,,,,,,,,,,,,,,,,,,,,,,,,,,,,,,,
non-spinning,3,polynomial,RIT,Heff_til,c2A_22_from_22_220_median,4775.065410933323,21.803951648097364,0.2024715368156995,-0.0378757241794858,0.0416412511523417,0.1408029854659807,,,,,,,,,,,,,,,,,,,,,,,,,,,,,,,,,,,,,,,,,,,,,,,,,,,,,,,,,,,,,,,,,,,,,,,,,,,,,,,,,,,,,,,,,,,,,,,,
non-spinning,1,polynomial,RIT,nu-Heff_til,c2A_22_from_22_220_median,6660.617198279134,30.27553271945061,0.2146840809648351,-0.011980903992639,0.0068948325370983,,,,,,,,,,,,,,,,,,,,,,,,,,,,,,,,,,,,,,,,,,,,,,,,,,,,,,,,,,,,,,,,,,,,,,,,,,,,,,,,,,,,,,,,,,,,,,,,,
non-spinning,2,polynomial,RIT,nu-Heff_til,c2A_22_from_22_220_median,6445.105303973396,29.70094610125989,0.2189270625352333,-0.0073491493964242,0.0133790260581646,-0.0125541226306004,-0.004451507901941,0.0084869100079568,,,,,,,,,,,,,,,,,,,,,,,,,,,,,,,,,,,,,,,,,,,,,,,,,,,,,,,,,,,,,,,,,,,,,,,,,,,,,,,,,,,,,,,,,,,,,,
non-spinning,3,polynomial,RIT,nu-Heff_til,c2A_22_from_22_220_median,4323.9474530224015,20.30022278414273,0.2161302451624478,-0.0029591133679191,-0.0338616070593387,-0.0117274629706284,-0.0164431111469084,0.0078484387284412,-0.0085720376705342,0.0040551071354796,0.0451279732546138,0.1493095980943163,,,,,,,,,,,,,,,,,,,,,,,,,,,,,,,,,,,,,,,,,,,,,,,,,,,,,,,,,,,,,,,,,,,,,,,,,,,,,,,,,,,,,,,,,,
non-spinning,1,polynomial,RIT,Jmrg_til,c2A_22_from_22_220_median,7556.926589346203,34.19423796084255,0.2069355143557618,-0.0049059005304257,,,,,,,,,,,,,,,,,,,,,,,,,,,,,,,,,,,,,,,,,,,,,,,,,,,,,,,,,,,,,,,,,,,,,,,,,,,,,,,,,,,,,,,,,,,,,,,,,,
non-spinning,2,polynomial,RIT,Jmrg_til,c2A_22_from_22_220_median,5421.876813369519,24.644894606225087,0.225743003659542,-0.1022748490825475,0.1027422511693508,,,,,,,,,,,,,,,,,,,,,,,,,,,,,,,,,,,,,,,,,,,,,,,,,,,,,,,,,,,,,,,,,,,,,,,,,,,,,,,,,,,,,,,,,,,,,,,,,
non-spinning,3,polynomial,RIT,Jmrg_til,c2A_22_from_22_220_median,5133.929049297198,23.442598398617346,0.1952826032090234,-0.033991477556067,0.1443830095547088,-0.0978565479785336,,,,,,,,,,,,,,,,,,,,,,,,,,,,,,,,,,,,,,,,,,,,,,,,,,,,,,,,,,,,,,,,,,,,,,,,,,,,,,,,,,,,,,,,,,,,,,,,
non-spinning,1,polynomial,RIT,nu-Jmrg_til,c2A_22_from_22_220_median,6457.742406159164,29.353374573450743,0.2302767664587974,-0.0175701566668547,-0.0265093349072056,,,,,,,,,,,,,,,,,,,,,,,,,,,,,,,,,,,,,,,,,,,,,,,,,,,,,,,,,,,,,,,,,,,,,,,,,,,,,,,,,,,,,,,,,,,,,,,,,
non-spinning,2,polynomial,RIT,nu-Jmrg_til,c2A_22_from_22_220_median,4679.48934395449,21.56446702283176,0.2496575585565595,-0.0205244082572532,-0.1147341295429296,-0.009667158262542,0.0209762118949808,0.0920801220422986,,,,,,,,,,,,,,,,,,,,,,,,,,,,,,,,,,,,,,,,,,,,,,,,,,,,,,,,,,,,,,,,,,,,,,,,,,,,,,,,,,,,,,,,,,,,,,
non-spinning,3,polynomial,RIT,nu-Jmrg_til,c2A_22_from_22_220_median,4460.372112437663,20.940714142899825,0.2054106308753483,-0.0032348767219198,-0.0241079858147508,0.0007591845958265,-0.0001140078696004,0.1331831254095725,-0.0079191423462802,-0.0131305228019173,0.0029874648758477,-0.1029286027015565,,,,,,,,,,,,,,,,,,,,,,,,,,,,,,,,,,,,,,,,,,,,,,,,,,,,,,,,,,,,,,,,,,,,,,,,,,,,,,,,,,,,,,,,,,
non-spinning,1,polynomial,RIT,nu-Heff_til-b_massless_EOB,c2A_22_from_22_220_median,5742.147127323307,26.219849896453457,0.2655131622358285,-0.0175944347996452,0.0148721022983232,-0.0629499216303265,,,,,,,,,,,,,,,,,,,,,,,,,,,,,,,,,,,,,,,,,,,,,,,,,,,,,,,,,,,,,,,,,,,,,,,,,,,,,,,,,,,,,,,,,,,,,,,,
non-spinning,2,polynomial,RIT,nu-Heff_til-b_massless_EOB,c2A_22_from_22_220_median,3702.859608783713,17.38431741213011,0.2060399096531639,0.0045063443916821,0.0951221702615656,-0.0053411489846209,-0.0187084358127575,-0.0258353967949755,-0.0086892618129411,-0.0187963931372516,-0.1390829417323753,0.0309193937230477,,,,,,,,,,,,,,,,,,,,,,,,,,,,,,,,,,,,,,,,,,,,,,,,,,,,,,,,,,,,,,,,,,,,,,,,,,,,,,,,,,,,,,,,,,
non-spinning,3,polynomial,RIT,nu-Heff_til-b_massless_EOB,c2A_22_from_22_220_median,3159.239370006887,15.562755517275304,-0.7090745339778618,0.0193051980966306,0.0383321870774568,1.920507681874016,0.0050288496804243,0.0638140215664088,0.0636542477773409,0.7538139778346297,-0.7961502371002067,-0.7910005277290761,-0.016252260639443,-0.0017129242236448,-0.0199347785156571,0.0383250539867483,-0.0646508082915914,-0.0853197110782217,0.2961860909316828,-0.9947134731606916,0.8091746091605114,-0.2087030516080445,,,,,,,,,,,,,,,,,,,,,,,,,,,,,,,,,,,,,,,,,,,,,,,,,,,,,,,,,,,,,,,,,,,,,,,,,,,,,,,,
non-spinning,1,polynomial,RIT,nu-Jmrg_til-b_massless_EOB,c2A_22_from_22_220_median,5813.483254830706,26.545585638496373,0.2732660137298826,-0.0190577991885093,0.0830066554645825,-0.1477532231918056,,,,,,,,,,,,,,,,,,,,,,,,,,,,,,,,,,,,,,,,,,,,,,,,,,,,,,,,,,,,,,,,,,,,,,,,,,,,,,,,,,,,,,,,,,,,,,,,
non-spinning,2,polynomial,RIT,nu-Jmrg_til-b_massless_EOB,c2A_22_from_22_220_median,3709.613065200656,17.41602378028477,0.2651278105184453,-0.0162907940591325,0.4263997088062782,-0.5509588140842314,-0.0173672341279637,-0.1389337700966514,0.1442764725624686,-0.7164610481802617,0.6406157398576534,0.1454108043682386,,,,,,,,,,,,,,,,,,,,,,,,,,,,,,,,,,,,,,,,,,,,,,,,,,,,,,,,,,,,,,,,,,,,,,,,,,,,,,,,,,,,,,,,,,
non-spinning,3,polynomial,RIT,nu-Jmrg_til-b_massless_EOB,c2A_22_from_22_220_median,3168.531384407624,15.608528987229676,-0.1829824348325435,0.05670769635742451,7.502621499370688,-7.1755004192951635,0.0002775789744784687,-0.31160746037607145,0.3568176027902597,43.349726955361085,-101.56793555419569,58.77869257352154,-0.01642709324814995,-0.045703043268758195,0.023469246268834607,-1.2494519524151149,2.875859033413028,-1.7176415608955546,62.99828706377131,-225.8649724375304,270.3382698078949,-107.95103338060335,,,,,,,,,,,,,,,,,,,,,,,,,,,,,,,,,,,,,,,,,,,,,,,,,,,,,,,,,,,,,,,,,,,,,,,,,,,,,,,,
non-spinning,1,polynomial,RIT,nu-Heff_til-Jmrg_til,c2A_22_from_22_220_median,5693.254819646153,25.99659734998244,0.259948565218307,-0.0167738497710013,0.0251666125957677,-0.0621948188324338,,,,,,,,,,,,,,,,,,,,,,,,,,,,,,,,,,,,,,,,,,,,,,,,,,,,,,,,,,,,,,,,,,,,,,,,,,,,,,,,,,,,,,,,,,,,,,,,
non-spinning,2,polynomial,RIT,nu-Heff_til-Jmrg_til,c2A_22_from_22_220_median,3701.029389084476,17.375724831382517,0.2040554168752554,0.00299089915904,0.081701199917271,0.0057600890630918,-0.0185957024822087,-0.0225982302223009,-0.0085430835978571,0.0046261380375107,-0.1461264212963786,0.0260801423395154,,,,,,,,,,,,,,,,,,,,,,,,,,,,,,,,,,,,,,,,,,,,,,,,,,,,,,,,,,,,,,,,,,,,,,,,,,,,,,,,,,,,,,,,,,
non-spinning,3,polynomial,RIT,nu-Heff_til-Jmrg_til,c2A_22_from_22_220_median,3158.896314078165,15.561065586591944,-0.5734431678181792,-0.0013605004321795,-0.3182453075545915,1.841534262909133,0.002466203684945,0.0657564415703544,0.0801948218215308,0.7794421282311412,-0.4087130161049866,-0.908406008596794,-0.0158882538776231,0.0014644844076445,-0.0176850810891117,0.0690748968376777,-0.0715897008693036,-0.0851889203084403,0.4928903723802792,-1.317965949495092,0.9421271741969092,-0.1798602097011757,,,,,,,,,,,,,,,,,,,,,,,,,,,,,,,,,,,,,,,,,,,,,,,,,,,,,,,,,,,,,,,,,,,,,,,,,,,,,,,,
non-spinning,1,polynomial,RIT,ecc,c3A_22_from_22_220_median,20852.559063895067,94.35547087735324,,,,,,,,,,,,,,,,,,,,,-2.4803357926090626,-0.2357906080051471,,,,,,,,,,,,,,,,,,,,,,,,,,,,,,,,,,,,,,,,,,,,,,,,,,,,,,,,,,,,,,,,,,,,,,,,,,,,,,
non-spinning,2,polynomial,RIT,ecc,c3A_22_from_22_220_median,20795.39910902225,94.5245414046466,,,,,,,,,,,,,,,,,,,,,-2.450315586190113,-0.290671014274404,-0.1791332681620741,,,,,,,,,,,,,,,,,,,,,,,,,,,,,,,,,,,,,,,,,,,,,,,,,,,,,,,,,,,,,,,,,,,,,,,,,,,,,
non-spinning,3,polynomial,RIT,ecc,c3A_22_from_22_220_median,20424.617863301857,93.26309526621851,,,,,,,,,,,,,,,,,,,,,-2.4427997596749327,-0.0458288817101529,-0.3224782936553657,-0.654141646516716,,,,,,,,,,,,,,,,,,,,,,,,,,,,,,,,,,,,,,,,,,,,,,,,,,,,,,,,,,,,,,,,,,,,,,,,,,,,
non-spinning,1,polynomial,RIT,nu,c3A_22_from_22_220_median,20719.05106010277,93.7513622629085,,,,,,,,,,,,,,,,,,,,,-2.5655153174823147,0.2054603736864675,,,,,,,,,,,,,,,,,,,,,,,,,,,,,,,,,,,,,,,,,,,,,,,,,,,,,,,,,,,,,,,,,,,,,,,,,,,,,,
non-spinning,2,polynomial,RIT,nu,c3A_22_from_22_220_median,20705.02537815525,94.1137517188875,,,,,,,,,,,,,,,,,,,,,-2.5458261991415534,0.2285419381797072,-0.0509096687348188,,,,,,,,,,,,,,,,,,,,,,,,,,,,,,,,,,,,,,,,,,,,,,,,,,,,,,,,,,,,,,,,,,,,,,,,,,,,,
non-spinning,3,polynomial,RIT,nu,c3A_22_from_22_220_median,20637.038170513137,94.2330510069093,,,,,,,,,,,,,,,,,,,,,-2.5691820772147143,0.4544998606847248,-0.0034936794693921,-0.2671141720542591,,,,,,,,,,,,,,,,,,,,,,,,,,,,,,,,,,,,,,,,,,,,,,,,,,,,,,,,,,,,,,,,,,,,,,,,,,,,
non-spinning,1,polynomial,RIT,nu-ecc,c3A_22_from_22_220_median,20224.30196392096,91.92864529054982,,,,,,,,,,,,,,,,,,,,,-2.5931657026600115,0.1971670101729757,-0.2238351230028764,,,,,,,,,,,,,,,,,,,,,,,,,,,,,,,,,,,,,,,,,,,,,,,,,,,,,,,,,,,,,,,,,,,,,,,,,,,,,
non-spinning,2,polynomial,RIT,nu-ecc,c3A_22_from_22_220_median,20083.278783738337,92.5496718144624,,,,,,,,,,,,,,,,,,,,,-2.631639216549712,0.1133249303368095,-0.4296950241851895,0.1553900437676689,0.2560929272205335,-0.0903339050179111,,,,,,,,,,,,,,,,,,,,,,,,,,,,,,,,,,,,,,,,,,,,,,,,,,,,,,,,,,,,,,,,,,,,,,,,,,
non-spinning,3,polynomial,RIT,nu-ecc,c3A_22_from_22_220_median,19536.70680110826,91.72162817421716,,,,,,,,,,,,,,,,,,,,,-2.6512169639195364,0.5190271323384483,-0.0287087021518407,0.0786087949026912,-0.1531946498425137,-0.1299037793876198,-0.2881357433978361,0.2146024541326873,-0.3839018740920006,-0.7450008924357479,,,,,,,,,,,,,,,,,,,,,,,,,,,,,,,,,,,,,,,,,,,,,,,,,,,,,,,,,,,,,,,,,,,,,,
non-spinning,1,polynomial,RIT,b_massless_EOB,c3A_22_from_22_220_median,21330.861324166377,96.5197344984904,,,,,,,,,,,,,,,,,,,,,-2.3206651711907145,-0.1793555500100148,,,,,,,,,,,,,,,,,,,,,,,,,,,,,,,,,,,,,,,,,,,,,,,,,,,,,,,,,,,,,,,,,,,,,,,,,,,,,,
non-spinning,2,polynomial,RIT,b_massless_EOB,c3A_22_from_22_220_median,16505.41693138999,75.02462241540906,,,,,,,,,,,,,,,,,,,,,-1.792300313057799,0.5037982001429399,-1.8896174053690484,,,,,,,,,,,,,,,,,,,,,,,,,,,,,,,,,,,,,,,,,,,,,,,,,,,,,,,,,,,,,,,,,,,,,,,,,,,,,
non-spinning,3,polynomial,RIT,b_massless_EOB,c3A_22_from_22_220_median,16403.620499993573,74.90237671229941,,,,,,,,,,,,,,,,,,,,,-1.376213493170198,-0.194213371219257,-2.383829016671566,0.8641055275794071,,,,,,,,,,,,,,,,,,,,,,,,,,,,,,,,,,,,,,,,,,,,,,,,,,,,,,,,,,,,,,,,,,,,,,,,,,,,
non-spinning,1,polynomial,RIT,nu-b_massless_EOB,c3A_22_from_22_220_median,20717.16416833224,94.1689280378738,,,,,,,,,,,,,,,,,,,,,-2.542602941415536,0.2023870548229251,-0.0302004986824385,,,,,,,,,,,,,,,,,,,,,,,,,,,,,,,,,,,,,,,,,,,,,,,,,,,,,,,,,,,,,,,,,,,,,,,,,,,,,
non-spinning,2,polynomial,RIT,nu-b_massless_EOB,c3A_22_from_22_220_median,16171.508295031574,74.52307970060633,,,,,,,,,,,,,,,,,,,,,-1.6782977728361492,-0.0083522338746252,0.5718415777466654,0.1238966335808683,-0.2377426824146493,-2.167973629790107,,,,,,,,,,,,,,,,,,,,,,,,,,,,,,,,,,,,,,,,,,,,,,,,,,,,,,,,,,,,,,,,,,,,,,,,,,
non-spinning,3,polynomial,RIT,nu-b_massless_EOB,c3A_22_from_22_220_median,16007.310439353649,75.15169220353826,,,,,,,,,,,,,,,,,,,,,-1.7348322991134788,0.6008532492876069,0.2613544236510167,-0.1950343006467279,-0.1106436319215131,-1.845582153898705,-0.1526159891717088,0.2390823109369537,-0.7074037649410482,0.1529009849714233,,,,,,,,,,,,,,,,,,,,,,,,,,,,,,,,,,,,,,,,,,,,,,,,,,,,,,,,,,,,,,,,,,,,,,
non-spinning,1,polynomial,RIT,Heff_til,c3A_22_from_22_220_median,21147.90508346416,95.69187820572014,,,,,,,,,,,,,,,,,,,,,-2.5084568860210856,-0.1733124141966252,,,,,,,,,,,,,,,,,,,,,,,,,,,,,,,,,,,,,,,,,,,,,,,,,,,,,,,,,,,,,,,,,,,,,,,,,,,,,,
non-spinning,2,polynomial,RIT,Heff_til,c3A_22_from_22_220_median,20651.7482239888,93.87158283631273,,,,,,,,,,,,,,,,,,,,,-2.611062678292064,-0.0360544322388878,0.5185128495126028,,,,,,,,,,,,,,,,,,,,,,,,,,,,,,,,,,,,,,,,,,,,,,,,,,,,,,,,,,,,,,,,,,,,,,,,,,,,,
non-spinning,3,polynomial,RIT,Heff_til,c3A_22_from_22_220_median,18547.47685460817,84.69167513519713,,,,,,,,,,,,,,,,,,,,,-2.5618713904141366,0.9133550859934426,0.5246814190622292,-1.9524738635179224,,,,,,,,,,,,,,,,,,,,,,,,,,,,,,,,,,,,,,,,,,,,,,,,,,,,,,,,,,,,,,,,,,,,,,,,,,,,
non-spinning,1,polynomial,RIT,nu-Heff_til,c3A_22_from_22_220_median,20653.777665642483,93.8808075711022,,,,,,,,,,,,,,,,,,,,,-2.5864213035029606,0.1841980368812899,-0.0924909553233236,,,,,,,,,,,,,,,,,,,,,,,,,,,,,,,,,,,,,,,,,,,,,,,,,,,,,,,,,,,,,,,,,,,,,,,,,,,,,
non-spinning,2,polynomial,RIT,nu-Heff_til,c3A_22_from_22_220_median,20232.976490816058,93.23952299915234,,,,,,,,,,,,,,,,,,,,,-2.6936770241036814,0.1738311916888331,-0.1009443416422655,0.0241198099198319,0.2273564731540146,0.5404575460366128,,,,,,,,,,,,,,,,,,,,,,,,,,,,,,,,,,,,,,,,,,,,,,,,,,,,,,,,,,,,,,,,,,,,,,,,,,
non-spinning,3,polynomial,RIT,nu-Heff_til,c3A_22_from_22_220_median,17129.99374025646,80.42250582280029,,,,,,,,,,,,,,,,,,,,,-2.856699196369328,0.1691341886396344,0.7801472457819825,0.170493309200861,0.6444311127296022,1.6633422342186015,0.1561885789801171,0.1274711138606375,-1.2952930822745254,-2.6825678304606844,,,,,,,,,,,,,,,,,,,,,,,,,,,,,,,,,,,,,,,,,,,,,,,,,,,,,,,,,,,,,,,,,,,,,,
non-spinning,1,polynomial,RIT,Jmrg_til,c3A_22_from_22_220_median,21291.504165301973,96.34164780679626,,,,,,,,,,,,,,,,,,,,,-2.330596979171083,-0.2041222427010635,,,,,,,,,,,,,,,,,,,,,,,,,,,,,,,,,,,,,,,,,,,,,,,,,,,,,,,,,,,,,,,,,,,,,,,,,,,,,,
non-spinning,2,polynomial,RIT,Jmrg_til,c3A_22_from_22_220_median,18614.563436339253,84.61165198336025,,,,,,,,,,,,,,,,,,,,,-2.2395662948777706,0.4676436860305648,-1.2671031006439628,,,,,,,,,,,,,,,,,,,,,,,,,,,,,,,,,,,,,,,,,,,,,,,,,,,,,,,,,,,,,,,,,,,,,,,,,,,,,
non-spinning,3,polynomial,RIT,Jmrg_til,c3A_22_from_22_220_median,17944.731119054286,81.93941150253099,,,,,,,,,,,,,,,,,,,,,-1.5384974703953276,-1.1181209686626008,-2.047457467124652,2.046424305928,,,,,,,,,,,,,,,,,,,,,,,,,,,,,,,,,,,,,,,,,,,,,,,,,,,,,,,,,,,,,,,,,,,,,,,,,,,,
non-spinning,1,polynomial,RIT,nu-Jmrg_til,c3A_22_from_22_220_median,20713.109518677084,94.15049781216857,,,,,,,,,,,,,,,,,,,,,-2.533696355847145,0.1991038637486707,-0.049690747320946,,,,,,,,,,,,,,,,,,,,,,,,,,,,,,,,,,,,,,,,,,,,,,,,,,,,,,,,,,,,,,,,,,,,,,,,,,,,,
non-spinning,2,polynomial,RIT,nu-Jmrg_til,c3A_22_from_22_220_median,18543.742694783385,85.45503545983127,,,,,,,,,,,,,,,,,,,,,-2.3490687047548864,0.1436087185083351,0.5458113842017794,0.0310831557267468,-0.1819052456066743,-1.2290442720577686,,,,,,,,,,,,,,,,,,,,,,,,,,,,,,,,,,,,,,,,,,,,,,,,,,,,,,,,,,,,,,,,,,,,,,,,,,
non-spinning,3,polynomial,RIT,nu-Jmrg_til,c3A_22_from_22_220_median,17723.595924417277,83.20937053717032,,,,,,,,,,,,,,,,,,,,,-1.4265972638947613,0.3305565387829121,-1.506739660699267,-0.3592494345413735,-0.0366726928508595,-1.9738512388050105,-0.1527541877038789,0.533400730829856,-0.0983226302578155,2.201240413832156,,,,,,,,,,,,,,,,,,,,,,,,,,,,,,,,,,,,,,,,,,,,,,,,,,,,,,,,,,,,,,,,,,,,,,
non-spinning,1,polynomial,RIT,nu-Heff_til-b_massless_EOB,c3A_22_from_22_220_median,20650.95404651269,94.29659381969266,,,,,,,,,,,,,,,,,,,,,-2.5585363544664084,0.1802681664900658,-0.0932187428389573,-0.0369709248535145,,,,,,,,,,,,,,,,,,,,,,,,,,,,,,,,,,,,,,,,,,,,,,,,,,,,,,,,,,,,,,,,,,,,,,,,,,,,
non-spinning,2,polynomial,RIT,nu-Heff_til-b_massless_EOB,c3A_22_from_22_220_median,9658.52408916058,45.345183517185816,,,,,,,,,,,,,,,,,,,,,2.3491265775328847,-0.4443468407587317,-3.422582704102376,-4.898623528780259,0.3188597145031706,0.4550705568256494,0.0707491085267555,-1.061346253229155,5.991069366681215,-1.2306500495802903,,,,,,,,,,,,,,,,,,,,,,,,,,,,,,,,,,,,,,,,,,,,,,,,,,,,,,,,,,,,,,,,,,,,,,
non-spinning,3,polynomial,RIT,nu-Heff_til-b_massless_EOB,c3A_22_from_22_220_median,8577.10298537305,42.25173884420222,,,,,,,,,,,,,,,,,,,,,-6.103508965282883,3.179648129535737,8.493301277420143,18.081900099784505,-0.0752687553906613,-2.2338517437973264,-4.501704161830955,-1.5032055545903116,-20.799385992114527,-17.86937507576596,0.3259701027191154,0.0723934247186135,0.1337879900309658,-1.908958259720232,3.6094881338601374,0.0006076548351254,-2.703680222444228,1.3504328691716514,15.74928179136602,1.568453726484457,,,,,,,,,,,,,,,,,,,,,,,,,,,,,,,,,,,,,,,,,,,,,,,,,,,,,,,,,,,,
non-spinning,1,polynomial,RIT,nu-Jmrg_til-b_massless_EOB,c3A_22_from_22_220_median,20702.002824546085,94.52969326276752,,,,,,,,,,,,,,,,,,,,,-2.582039076474802,0.196100225581831,-0.2753723790311427,0.2541981695539105,,,,,,,,,,,,,,,,,,,,,,,,,,,,,,,,,,,,,,,,,,,,,,,,,,,,,,,,,,,,,,,,,,,,,,,,,,,,
non-spinning,2,polynomial,RIT,nu-Jmrg_til-b_massless_EOB,c3A_22_from_22_220_median,10141.181879097854,47.61118253097584,,,,,,,,,,,,,,,,,,,,,-0.9970752488457412,0.0563918638118928,-13.704698864597294,14.64822157851078,0.3224264878773913,4.323474570901995,-4.45598218622457,11.952676727854682,4.746099874230319,-19.343159028609453,,,,,,,,,,,,,,,,,,,,,,,,,,,,,,,,,,,,,,,,,,,,,,,,,,,,,,,,,,,,,,,,,,,,,,
non-spinning,3,polynomial,RIT,nu-Jmrg_til-b_massless_EOB,c3A_22_from_22_220_median,9112.14183429431,44.88739819849414,,,,,,,,,,,,,,,,,,,,,-2.4365754143319607,1.1785375735882075,-5.155604502548671,7.327107007302331,0.1914932753780715,5.765884885119265,-5.608564487603261,-7.559066329276022,3.6433375095072273,3.071288437206696,0.3912994400133058,1.55525642350339,-1.545737566789059,-3.3074354479557355,6.982725298438893,-5.739283094114218,2.607668167180869,9.520272477212872,6.520102222478962,-20.261209109853983,,,,,,,,,,,,,,,,,,,,,,,,,,,,,,,,,,,,,,,,,,,,,,,,,,,,,,,,,,,,
non-spinning,1,polynomial,RIT,nu-Heff_til-Jmrg_til,c3A_22_from_22_220_median,20653.601108652685,94.3086808614278,,,,,,,,,,,,,,,,,,,,,-2.5804721773637413,0.1833534608693824,-0.0912413958668156,-0.0088498896589225,,,,,,,,,,,,,,,,,,,,,,,,,,,,,,,,,,,,,,,,,,,,,,,,,,,,,,,,,,,,,,,,,,,,,,,,,,,,
non-spinning,2,polynomial,RIT,nu-Heff_til-Jmrg_til,c3A_22_from_22_220_median,9632.514994988582,45.22307509384311,,,,,,,,,,,,,,,,,,,,,1.987489191378989,-0.346203059691154,-2.123219736489129,-5.312604666374393,0.3168180435847085,0.338277096460976,0.0707674240350474,-2.1198452311133296,6.4893956677824765,-1.002431764453991,,,,,,,,,,,,,,,,,,,,,,,,,,,,,,,,,,,,,,,,,,,,,,,,,,,,,,,,,,,,,,,,,,,,,,
non-spinning,3,polynomial,RIT,nu-Heff_til-Jmrg_til,c3A_22_from_22_220_median,8605.743960744441,42.39282739282976,,,,,,,,,,,,,,,,,,,,,-4.160412561304735,2.534856396644855,4.2332134500192655,13.428976497829566,-0.0024960038463966,-1.0654552118602745,-4.0047981961372185,0.7285320639598826,-11.441137544290186,-15.997296104703768,0.3195017193656733,0.0062917897711512,0.1255111298175029,-2.431511208178664,3.1593407279873755,0.0379505409898434,-2.604453227879118,-3.0935249195478405,13.963435287467243,1.4041150312812147,,,,,,,,,,,,,,,,,,,,,,,,,,,,,,,,,,,,,,,,,,,,,,,,,,,,,,,,,,,,
non-spinning,1,polynomial,RIT,ecc,c2p_22_from_22_220_median,3009.334400184638,13.616897738392028,,,,,,,,,,,,,,,,,,,,,,,,,,,,,,,,,,,,,,,,,0.1538270515345207,-0.0027750181283853,,,,,,,,,,,,,,,,,,,,,,,,,,,,,,,,,,,,,,,,,,,,,,,,,,,,,,,,,,
non-spinning,2,polynomial,RIT,ecc,c2p_22_from_22_220_median,3009.334023976659,13.678791018075724,,,,,,,,,,,,,,,,,,,,,,,,,,,,,,,,,,,,,,,,,0.153829167036282,-0.0027805470022192,-1.096686081595678e-05,,,,,,,,,,,,,,,,,,,,,,,,,,,,,,,,,,,,,,,,,,,,,,,,,,,,,,,,,
non-spinning,3,polynomial,RIT,ecc,c2p_22_from_22_220_median,2792.310892080326,12.750278046028884,,,,,,,,,,,,,,,,,,,,,,,,,,,,,,,,,,,,,,,,,0.1530820007397177,-0.0086524960825365,0.005794688802642,0.0131766976364601,,,,,,,,,,,,,,,,,,,,,,,,,,,,,,,,,,,,,,,,,,,,,,,,,,,,,,,,
non-spinning,1,polynomial,RIT,nu,c2p_22_from_22_220_median,2640.733810496289,11.949021766951535,,,,,,,,,,,,,,,,,,,,,,,,,,,,,,,,,,,,,,,,,0.1599195649716957,-0.0069573430908499,,,,,,,,,,,,,,,,,,,,,,,,,,,,,,,,,,,,,,,,,,,,,,,,,,,,,,,,,,
non-spinning,2,polynomial,RIT,nu,c2p_22_from_22_220_median,2614.3657343322743,11.883480610601246,,,,,,,,,,,,,,,,,,,,,,,,,,,,,,,,,,,,,,,,,0.1606903658712454,-0.0052324514821963,-0.0027934500773508,,,,,,,,,,,,,,,,,,,,,,,,,,,,,,,,,,,,,,,,,,,,,,,,,,,,,,,,,
non-spinning,3,polynomial,RIT,nu,c2p_22_from_22_220_median,2610.8805813128024,11.921829138414624,,,,,,,,,,,,,,,,,,,,,,,,,,,,,,,,,,,,,,,,,0.16105596800358,-0.0070133882005609,-0.0034359465860436,0.002180082463828,,,,,,,,,,,,,,,,,,,,,,,,,,,,,,,,,,,,,,,,,,,,,,,,,,,,,,,,
non-spinning,1,polynomial,RIT,nu-ecc,c2p_22_from_22_220_median,2506.821995024795,11.394645431930886,,,,,,,,,,,,,,,,,,,,,,,,,,,,,,,,,,,,,,,,,0.1591000910801639,-0.0071367290378957,-0.00306403936343,,,,,,,,,,,,,,,,,,,,,,,,,,,,,,,,,,,,,,,,,,,,,,,,,,,,,,,,,
non-spinning,2,polynomial,RIT,nu-ecc,c2p_22_from_22_220_median,2488.491789066119,11.46770409707889,,,,,,,,,,,,,,,,,,,,,,,,,,,,,,,,,,,,,,,,,0.1602425653238613,-0.0060429718517118,-0.0025953574588742,-0.0021858118642024,-0.0014941362332235,-0.0016158711071428,,,,,,,,,,,,,,,,,,,,,,,,,,,,,,,,,,,,,,,,,,,,,,,,,,,,,,
non-spinning,3,polynomial,RIT,nu-ecc,c2p_22_from_22_220_median,2317.9628882085217,10.882454874218412,,,,,,,,,,,,,,,,,,,,,,,,,,,,,,,,,,,,,,,,,0.1588858207578947,-0.0085318989074667,-0.0086735767967694,-0.0024542465663478,-0.0038172276616016,0.0043112894667239,0.0039407512271488,0.0040949944723176,-0.0011321883129339,0.010856689712903,,,,,,,,,,,,,,,,,,,,,,,,,,,,,,,,,,,,,,,,,,,,,,,,,,
non-spinning,1,polynomial,RIT,b_massless_EOB,c2p_22_from_22_220_median,3001.2884130517614,13.5804905567953,,,,,,,,,,,,,,,,,,,,,,,,,,,,,,,,,,,,,,,,,0.1593660279274587,-0.0073579299420195,,,,,,,,,,,,,,,,,,,,,,,,,,,,,,,,,,,,,,,,,,,,,,,,,,,,,,,,,,
non-spinning,2,polynomial,RIT,b_massless_EOB,c2p_22_from_22_220_median,3000.703117790128,13.639559626318764,,,,,,,,,,,,,,,,,,,,,,,,,,,,,,,,,,,,,,,,,0.1596283586287384,-0.007253324360986,-0.0007433434985509,,,,,,,,,,,,,,,,,,,,,,,,,,,,,,,,,,,,,,,,,,,,,,,,,,,,,,,,,
non-spinning,3,polynomial,RIT,b_massless_EOB,c2p_22_from_22_220_median,2822.6193487732457,12.88867282544861,,,,,,,,,,,,,,,,,,,,,,,,,,,,,,,,,,,,,,,,,0.1745467659734269,-0.0355389616718244,-0.0169107224065703,0.0356191229772526,,,,,,,,,,,,,,,,,,,,,,,,,,,,,,,,,,,,,,,,,,,,,,,,,,,,,,,,
non-spinning,1,polynomial,RIT,nu-b_massless_EOB,c2p_22_from_22_220_median,2437.2936621626022,11.078607555284556,,,,,,,,,,,,,,,,,,,,,,,,,,,,,,,,,,,,,,,,,0.1666318597541429,-0.0076357712898352,-0.009762621625764,,,,,,,,,,,,,,,,,,,,,,,,,,,,,,,,,,,,,,,,,,,,,,,,,,,,,,,,,
non-spinning,2,polynomial,RIT,nu-b_massless_EOB,c2p_22_from_22_220_median,2216.522404127939,10.214388959114926,,,,,,,,,,,,,,,,,,,,,,,,,,,,,,,,,,,,,,,,,0.173564416663051,-0.0062125731172786,-0.006762814209769,-0.0018996587827057,-0.0039414083377149,-0.015076380488661,,,,,,,,,,,,,,,,,,,,,,,,,,,,,,,,,,,,,,,,,,,,,,,,,,,,,,
non-spinning,3,polynomial,RIT,nu-b_massless_EOB,c2p_22_from_22_220_median,2139.6760370970096,10.045427404211312,,,,,,,,,,,,,,,,,,,,,,,,,,,,,,,,,,,,,,,,,0.1840167398739742,-0.0081146578701664,-0.0259790193993556,-0.0069375876981654,-0.0040720919236203,-0.0234676793394635,0.0045337702324997,0.0039055325788054,-0.0006210437369467,0.0211344527427568,,,,,,,,,,,,,,,,,,,,,,,,,,,,,,,,,,,,,,,,,,,,,,,,,,
non-spinning,1,polynomial,RIT,Heff_til,c2p_22_from_22_220_median,2952.078924900361,13.357823189594392,,,,,,,,,,,,,,,,,,,,,,,,,,,,,,,,,,,,,,,,,0.1528104534702212,-0.0039758389348482,,,,,,,,,,,,,,,,,,,,,,,,,,,,,,,,,,,,,,,,,,,,,,,,,,,,,,,,,,
non-spinning,2,polynomial,RIT,Heff_til,c2p_22_from_22_220_median,2857.5664215535007,12.98893827978864,,,,,,,,,,,,,,,,,,,,,,,,,,,,,,,,,,,,,,,,,0.1508310014983042,-0.0020132276322288,0.0070682181667151,,,,,,,,,,,,,,,,,,,,,,,,,,,,,,,,,,,,,,,,,,,,,,,,,,,,,,,,,
non-spinning,3,polynomial,RIT,Heff_til,c2p_22_from_22_220_median,2454.9954954416776,11.210025093340994,,,,,,,,,,,,,,,,,,,,,,,,,,,,,,,,,,,,,,,,,0.150010748617512,-0.0136177697919982,0.009443937283218,0.0228882599406913,,,,,,,,,,,,,,,,,,,,,,,,,,,,,,,,,,,,,,,,,,,,,,,,,,,,,,,,
non-spinning,1,polynomial,RIT,nu-Heff_til,c2p_22_from_22_220_median,2206.7035330501576,10.030470604773445,,,,,,,,,,,,,,,,,,,,,,,,,,,,,,,,,,,,,,,,,0.1583712513835082,-0.0091410656145412,-0.0067416344308096,,,,,,,,,,,,,,,,,,,,,,,,,,,,,,,,,,,,,,,,,,,,,,,,,,,,,,,,,
non-spinning,2,polynomial,RIT,nu-Heff_til,c2p_22_from_22_220_median,2049.833034032676,9.446235179874082,,,,,,,,,,,,,,,,,,,,,,,,,,,,,,,,,,,,,,,,,0.1564386252308314,-0.0079688405988063,-0.0050121539141766,-0.0019533079951623,0.0013350355787752,0.0093961406961367,,,,,,,,,,,,,,,,,,,,,,,,,,,,,,,,,,,,,,,,,,,,,,,,,,,,,,
non-spinning,3,polynomial,RIT,nu-Heff_til,c2p_22_from_22_220_median,1808.1469863157365,8.488952987397823,,,,,,,,,,,,,,,,,,,,,,,,,,,,,,,,,,,,,,,,,0.1582935201477179,-0.0138310096093106,-0.0136768196131709,-0.0034478019250955,-0.0026499143994095,0.0023884161237646,0.0048810739491135,0.0033159369857986,0.0112562161937857,0.0198938317224068,,,,,,,,,,,,,,,,,,,,,,,,,,,,,,,,,,,,,,,,,,,,,,,,,,
non-spinning,1,polynomial,RIT,Jmrg_til,c2p_22_from_22_220_median,2880.6371138714467,13.034557076341388,,,,,,,,,,,,,,,,,,,,,,,,,,,,,,,,,,,,,,,,,0.1593578361197734,-0.0096255745316942,,,,,,,,,,,,,,,,,,,,,,,,,,,,,,,,,,,,,,,,,,,,,,,,,,,,,,,,,,
non-spinning,2,polynomial,RIT,Jmrg_til,c2p_22_from_22_220_median,2868.7213158465183,13.0396423447569,,,,,,,,,,,,,,,,,,,,,,,,,,,,,,,,,,,,,,,,,0.1596383362518987,-0.0086356996681183,-0.0027088964015831,,,,,,,,,,,,,,,,,,,,,,,,,,,,,,,,,,,,,,,,,,,,,,,,,,,,,,,,,
non-spinning,3,polynomial,RIT,Jmrg_til,c2p_22_from_22_220_median,2737.696584809567,12.50089764753227,,,,,,,,,,,,,,,,,,,,,,,,,,,,,,,,,,,,,,,,,0.1680910533023873,-0.0303663927579832,-0.0107820084761528,0.0284639198106384,,,,,,,,,,,,,,,,,,,,,,,,,,,,,,,,,,,,,,,,,,,,,,,,,,,,,,,,
non-spinning,1,polynomial,RIT,nu-Jmrg_til,c2p_22_from_22_220_median,2215.340037386327,10.069727442665124,,,,,,,,,,,,,,,,,,,,,,,,,,,,,,,,,,,,,,,,,0.1673783220965362,-0.0083973452967684,-0.0131530440068891,,,,,,,,,,,,,,,,,,,,,,,,,,,,,,,,,,,,,,,,,,,,,,,,,,,,,,,,,
non-spinning,2,polynomial,RIT,nu-Jmrg_til,c2p_22_from_22_220_median,1996.701027371916,9.201387222912055,,,,,,,,,,,,,,,,,,,,,,,,,,,,,,,,,,,,,,,,,0.1694249000638314,-0.0069081776193352,-0.0078540900231302,-0.0016652047188165,-0.0038930395674036,-0.0112530864326905,,,,,,,,,,,,,,,,,,,,,,,,,,,,,,,,,,,,,,,,,,,,,,,,,,,,,,
non-spinning,3,polynomial,RIT,nu-Jmrg_til,c2p_22_from_22_220_median,1904.9567109646805,8.943458736923382,,,,,,,,,,,,,,,,,,,,,,,,,,,,,,,,,,,,,,,,,0.1804515125097421,-0.0123262117513777,-0.0298307862451964,-0.0067793192355309,-0.0038143256789759,-0.0199404086705089,0.005372680717365,0.0058498652928029,0.0038400536895476,0.0235728325716726,,,,,,,,,,,,,,,,,,,,,,,,,,,,,,,,,,,,,,,,,,,,,,,,,,
non-spinning,1,polynomial,RIT,nu-Heff_til-b_massless_EOB,c2p_22_from_22_220_median,1948.820625483927,8.898724317278205,,,,,,,,,,,,,,,,,,,,,,,,,,,,,,,,,,,,,,,,,0.1658550160991141,-0.0100486109677417,-0.0071770222153565,-0.0110300769406613,,,,,,,,,,,,,,,,,,,,,,,,,,,,,,,,,,,,,,,,,,,,,,,,,,,,,,,,
non-spinning,2,polynomial,RIT,nu-Heff_til-b_massless_EOB,c2p_22_from_22_220_median,1819.3399847275384,8.541502275716145,,,,,,,,,,,,,,,,,,,,,,,,,,,,,,,,,,,,,,,,,0.1464284697663781,-0.0038296768075501,0.0186591836520752,0.0248401346045149,-0.002505265151712,-0.0042790218517372,-0.0056518824229415,0.0039016020269356,-0.036390120661091,-0.0129698985726306,,,,,,,,,,,,,,,,,,,,,,,,,,,,,,,,,,,,,,,,,,,,,,,,,,
non-spinning,3,polynomial,RIT,nu-Heff_til-b_massless_EOB,c2p_22_from_22_220_median,7709.189307989605,37.97630200980101,,,,,,,,,,,,,,,,,,,,,,,,,,,,,,,,,,,,,,,,,0.1852395918266751,0.0611577205135977,-0.1269823502913633,-0.2838542675650251,-0.0309859228505955,0.0055409334223571,-0.0122777087528341,0.0228862441825737,0.2880680920131884,0.3060347062787467,0.0207119572843975,0.0007193361034738,0.0087054742777948,-0.0488938643759993,0.0001071123733229,-0.0660298404521948,0.0012416365777478,0.0147077220608245,-0.1953722878890989,-0.0191102009807025,,,,,,,,,,,,,,,,,,,,,,,,,,,,,,,,,,,,,,,,
non-spinning,1,polynomial,RIT,nu-Jmrg_til-b_massless_EOB,c2p_22_from_22_220_median,1935.927337568156,8.839850856475596,,,,,,,,,,,,,,,,,,,,,,,,,,,,,,,,,,,,,,,,,0.1606485033706572,-0.0093810196002797,-0.045049956282868,0.0360958588994878,,,,,,,,,,,,,,,,,,,,,,,,,,,,,,,,,,,,,,,,,,,,,,,,,,,,,,,,
non-spinning,2,polynomial,RIT,nu-Jmrg_til-b_massless_EOB,c2p_22_from_22_220_median,1809.9102944545425,8.497231429364048,,,,,,,,,,,,,,,,,,,,,,,,,,,,,,,,,,,,,,,,,0.1622566994339185,-0.0073189748967771,0.1257947366696022,-0.1340949753861985,-0.0022968461669159,-0.0316525919028746,0.0281232586613759,0.0737123313025262,-0.3679262999816103,0.2915870142849641,,,,,,,,,,,,,,,,,,,,,,,,,,,,,,,,,,,,,,,,,,,,,,,,,,
non-spinning,3,polynomial,RIT,nu-Jmrg_til-b_massless_EOB,c2p_22_from_22_220_median,7719.515232310412,38.027168632071,,,,,,,,,,,,,,,,,,,,,,,,,,,,,,,,,,,,,,,,,0.0960273258030078,0.0540401953524641,-0.2765921241294386,0.2372522736211689,-0.0292034506665628,-0.5419791134178772,0.5442869025152777,1.906743785021886,-2.5534027396538006,0.7365085084921797,0.0199030512661757,0.0449363510468834,-0.0384699939315957,-2.386055634291694,5.0122484805172265,-2.705666669697268,0.5270845770258291,-1.7737340516685038,1.0206578527961747,0.2622632576974563,,,,,,,,,,,,,,,,,,,,,,,,,,,,,,,,,,,,,,,,
non-spinning,1,polynomial,RIT,nu-Heff_til-Jmrg_til,c2p_22_from_22_220_median,1945.5719339743296,8.883890109471826,,,,,,,,,,,,,,,,,,,,,,,,,,,,,,,,,,,,,,,,,0.1646775209636179,-0.0098902385747806,-0.0054699184002319,-0.0106056615614779,,,,,,,,,,,,,,,,,,,,,,,,,,,,,,,,,,,,,,,,,,,,,,,,,,,,,,,,
non-spinning,2,polynomial,RIT,nu-Heff_til-Jmrg_til,c2p_22_from_22_220_median,1812.66589990467,8.51016854415338,,,,,,,,,,,,,,,,,,,,,,,,,,,,,,,,,,,,,,,,,0.1481835723033491,-0.0046898536624945,0.0123859588791234,0.0230660537809093,-0.0024401210527914,-0.0030056793324648,-0.0052359785691499,0.0097976096739729,-0.0329383542899162,-0.0129304435915144,,,,,,,,,,,,,,,,,,,,,,,,,,,,,,,,,,,,,,,,,,,,,,,,,,
non-spinning,3,polynomial,RIT,nu-Heff_til-Jmrg_til,c2p_22_from_22_220_median,7708.297000338678,37.97190640560925,,,,,,,,,,,,,,,,,,,,,,,,,,,,,,,,,,,,,,,,,0.166329639033927,0.0605380007452655,-0.0648773831020591,-0.2318644700417158,-0.0291184649005084,0.0076533434712144,-0.0321836909736392,-0.0130553747931131,0.1577732090629233,0.2911364908282073,0.0205804269247364,-0.0014612870958471,0.0094101503462607,-0.0500344949979646,0.0265393799319761,-0.0591223329667623,-0.0078125439997198,0.0802231105563013,-0.1890360066629557,-0.016200848696277,,,,,,,,,,,,,,,,,,,,,,,,,,,,,,,,,,,,,,,,
non-spinning,1,polynomial,RIT,ecc,c3p_22_from_22_220_median,5014.626745790074,22.690618759231103,,,,,,,,,,,,,,,,,,,,,,,,,,,,,,,,,,,,,,,,,,,,,,,,,,,,,,,,,,,,,2.7914760050079472,-0.996505030892104,,,,,,,,,,,,,,,,,,,,,,,,,,,,,,,,,,,,,,
non-spinning,2,polynomial,RIT,ecc,c3p_22_from_22_220_median,4515.730935188065,20.526049705400293,,,,,,,,,,,,,,,,,,,,,,,,,,,,,,,,,,,,,,,,,,,,,,,,,,,,,,,,,,,,,3.137232797313693,-1.2131471570735866,-0.9883938512613948,,,,,,,,,,,,,,,,,,,,,,,,,,,,,,,,,,,,,
non-spinning,3,polynomial,RIT,ecc,c3p_22_from_22_220_median,4310.320045837327,19.681826693321128,,,,,,,,,,,,,,,,,,,,,,,,,,,,,,,,,,,,,,,,,,,,,,,,,,,,,,,,,,,,,3.151835419877665,-1.9237163326964644,-0.9153378394075228,1.0766503828951222,,,,,,,,,,,,,,,,,,,,,,,,,,,,,,,,,,,,
non-spinning,1,polynomial,RIT,nu,c3p_22_from_22_220_median,6675.493923525824,30.20585485758292,,,,,,,,,,,,,,,,,,,,,,,,,,,,,,,,,,,,,,,,,,,,,,,,,,,,,,,,,,,,,2.72530724846892,0.3333827535735911,,,,,,,,,,,,,,,,,,,,,,,,,,,,,,,,,,,,,,
non-spinning,2,polynomial,RIT,nu,c3p_22_from_22_220_median,6581.158949376246,29.91435886080112,,,,,,,,,,,,,,,,,,,,,,,,,,,,,,,,,,,,,,,,,,,,,,,,,,,,,,,,,,,,,2.923881077900772,0.4996168272703923,-0.4394031479101825,,,,,,,,,,,,,,,,,,,,,,,,,,,,,,,,,,,,,
non-spinning,3,polynomial,RIT,nu,c3p_22_from_22_220_median,6504.992873909723,29.70316380780696,,,,,,,,,,,,,,,,,,,,,,,,,,,,,,,,,,,,,,,,,,,,,,,,,,,,,,,,,,,,,3.0273578696975743,-0.1951097789766855,-0.6163080372014194,0.8327402252738276,,,,,,,,,,,,,,,,,,,,,,,,,,,,,,,,,,,,
non-spinning,1,polynomial,RIT,nu-ecc,c3p_22_from_22_220_median,4983.250215488403,22.651137343129104,,,,,,,,,,,,,,,,,,,,,,,,,,,,,,,,,,,,,,,,,,,,,,,,,,,,,,,,,,,,,2.704068754838388,0.1455276387009244,-0.9732119401712396,,,,,,,,,,,,,,,,,,,,,,,,,,,,,,,,,,,,,
non-spinning,2,polynomial,RIT,nu-ecc,c3p_22_from_22_220_median,4471.816031566444,20.60744715007577,,,,,,,,,,,,,,,,,,,,,,,,,,,,,,,,,,,,,,,,,,,,,,,,,,,,,,,,,,,,,3.194440387740744,0.2112870282564944,-1.1463245412432197,-0.2642179582864581,-0.0528514013640359,-1.0026866986892788,,,,,,,,,,,,,,,,,,,,,,,,,,,,,,,,,,
non-spinning,3,polynomial,RIT,nu-ecc,c3p_22_from_22_220_median,4197.823170434963,19.70809000204208,,,,,,,,,,,,,,,,,,,,,,,,,,,,,,,,,,,,,,,,,,,,,,,,,,,,,,,,,,,,,3.165539621086852,-0.1108152677162455,-1.8986787262104616,-0.4055872373731869,-0.2971221443419741,-0.7123852182733946,0.5867118850437747,0.3586967476332625,-0.3255050414554823,1.007183141517908,,,,,,,,,,,,,,,,,,,,,,,,,,,,,,
non-spinning,1,polynomial,RIT,b_massless_EOB,c3p_22_from_22_220_median,6321.588711528569,28.604473807821577,,,,,,,,,,,,,,,,,,,,,,,,,,,,,,,,,,,,,,,,,,,,,,,,,,,,,,,,,,,,,2.480346553757824,0.8321511233493828,,,,,,,,,,,,,,,,,,,,,,,,,,,,,,,,,,,,,,
non-spinning,2,polynomial,RIT,b_massless_EOB,c3p_22_from_22_220_median,6141.694959320132,27.91679526963696,,,,,,,,,,,,,,,,,,,,,,,,,,,,,,,,,,,,,,,,,,,,,,,,,,,,,,,,,,,,,3.0603171228697232,0.6803173229415986,-1.119968168956735,,,,,,,,,,,,,,,,,,,,,,,,,,,,,,,,,,,,,
non-spinning,3,polynomial,RIT,b_massless_EOB,c3p_22_from_22_220_median,6114.93375516646,27.922071941399363,,,,,,,,,,,,,,,,,,,,,,,,,,,,,,,,,,,,,,,,,,,,,,,,,,,,,,,,,,,,,2.8512144622487163,1.2809637567233745,-0.9847670666589028,-0.8022884872338599,,,,,,,,,,,,,,,,,,,,,,,,,,,,,,,,,,,,
non-spinning,1,polynomial,RIT,nu-b_massless_EOB,c3p_22_from_22_220_median,6132.2819102105095,27.87400868277504,,,,,,,,,,,,,,,,,,,,,,,,,,,,,,,,,,,,,,,,,,,,,,,,,,,,,,,,,,,,,2.252344955874518,0.3520662102081215,0.8478315288402062,,,,,,,,,,,,,,,,,,,,,,,,,,,,,,,,,,,,,
non-spinning,2,polynomial,RIT,nu-b_massless_EOB,c3p_22_from_22_220_median,5949.170588200293,27.41553266451748,,,,,,,,,,,,,,,,,,,,,,,,,,,,,,,,,,,,,,,,,,,,,,,,,,,,,,,,,,,,,2.846894536210648,0.2595751597621707,0.6308642415652123,-0.4118992767412346,0.3232068082180223,-0.5473200701641825,,,,,,,,,,,,,,,,,,,,,,,,,,,,,,,,,,
non-spinning,3,polynomial,RIT,nu-b_massless_EOB,c3p_22_from_22_220_median,5875.277450821422,27.58346221042921,,,,,,,,,,,,,,,,,,,,,,,,,,,,,,,,,,,,,,,,,,,,,,,,,,,,,,,,,,,,,2.773281716611163,0.1011247233635302,0.7245395658783198,-0.5925481453290479,0.2876708073572636,-0.2891463676866266,0.7083338857018376,-0.1396882005956689,-0.7073735131449755,-0.086488580589346,,,,,,,,,,,,,,,,,,,,,,,,,,,,,,
non-spinning,1,polynomial,RIT,Heff_til,c3p_22_from_22_220_median,3542.9420849053868,16.031412148893153,,,,,,,,,,,,,,,,,,,,,,,,,,,,,,,,,,,,,,,,,,,,,,,,,,,,,,,,,,,,,2.65126747305546,-1.2859533298171129,,,,,,,,,,,,,,,,,,,,,,,,,,,,,,,,,,,,,,
non-spinning,2,polynomial,RIT,Heff_til,c3p_22_from_22_220_median,3540.5757480156826,16.093526127344013,,,,,,,,,,,,,,,,,,,,,,,,,,,,,,,,,,,,,,,,,,,,,,,,,,,,,,,,,,,,,2.6114539038612072,-1.28627472745867,0.0905669975996338,,,,,,,,,,,,,,,,,,,,,,,,,,,,,,,,,,,,,
non-spinning,3,polynomial,RIT,Heff_til,c3p_22_from_22_220_median,3321.407703965005,15.166245223584498,,,,,,,,,,,,,,,,,,,,,,,,,,,,,,,,,,,,,,,,,,,,,,,,,,,,,,,,,,,,,2.7188352443305126,-2.1692875764169868,-0.2681220134824744,1.5139847565392446,,,,,,,,,,,,,,,,,,,,,,,,,,,,,,,,,,,,
non-spinning,1,polynomial,RIT,nu-Heff_til,c3p_22_from_22_220_median,3483.971348101765,15.83623340046257,,,,,,,,,,,,,,,,,,,,,,,,,,,,,,,,,,,,,,,,,,,,,,,,,,,,,,,,,,,,,2.767906341651888,-0.2098237821948063,-1.3505576965901716,,,,,,,,,,,,,,,,,,,,,,,,,,,,,,,,,,,,,
non-spinning,2,polynomial,RIT,nu-Heff_til,c3p_22_from_22_220_median,3449.579556523241,15.89667998397807,,,,,,,,,,,,,,,,,,,,,,,,,,,,,,,,,,,,,,,,,,,,,,,,,,,,,,,,,,,,,2.827200998179914,-0.0922002927919572,-1.3056790879764353,-0.2794593403864305,-0.0549255099123627,0.1260253780597367,,,,,,,,,,,,,,,,,,,,,,,,,,,,,,,,,,
non-spinning,3,polynomial,RIT,nu-Heff_til,c3p_22_from_22_220_median,3207.6855805134387,15.059556716025536,,,,,,,,,,,,,,,,,,,,,,,,,,,,,,,,,,,,,,,,,,,,,,,,,,,,,,,,,,,,,3.194637422081553,-0.6496670584677006,-2.018742477973204,-0.4280618505167788,-0.5693300549011308,-1.0613944924919716,0.4993062455353722,0.1229476244654987,0.8559127630503913,1.8139456634681967,,,,,,,,,,,,,,,,,,,,,,,,,,,,,,
non-spinning,1,polynomial,RIT,Jmrg_til,c3p_22_from_22_220_median,6760.123372095019,30.588793538891487,,,,,,,,,,,,,,,,,,,,,,,,,,,,,,,,,,,,,,,,,,,,,,,,,,,,,,,,,,,,,2.78343570678278,0.348621195681961,,,,,,,,,,,,,,,,,,,,,,,,,,,,,,,,,,,,,,
non-spinning,2,polynomial,RIT,Jmrg_til,c3p_22_from_22_220_median,5159.017435690006,23.45007925313639,,,,,,,,,,,,,,,,,,,,,,,,,,,,,,,,,,,,,,,,,,,,,,,,,,,,,,,,,,,,,3.706823925798405,0.0732116780149361,-2.502825378117281,,,,,,,,,,,,,,,,,,,,,,,,,,,,,,,,,,,,,
non-spinning,3,polynomial,RIT,Jmrg_til,c3p_22_from_22_220_median,5138.120687875083,23.461738300799464,,,,,,,,,,,,,,,,,,,,,,,,,,,,,,,,,,,,,,,,,,,,,,,,,,,,,,,,,,,,,3.5158238335994927,0.6257753114512644,-2.370583952223401,-0.721878272789967,,,,,,,,,,,,,,,,,,,,,,,,,,,,,,,,,,,,
non-spinning,1,polynomial,RIT,nu-Jmrg_til,c3p_22_from_22_220_median,6559.4604084481,29.815729129309545,,,,,,,,,,,,,,,,,,,,,,,,,,,,,,,,,,,,,,,,,,,,,,,,,,,,,,,,,,,,,2.530111829662733,0.3646153990069095,0.4092454857792938,,,,,,,,,,,,,,,,,,,,,,,,,,,,,,,,,,,,,
non-spinning,2,polynomial,RIT,nu-Jmrg_til,c3p_22_from_22_220_median,5121.648911334631,23.60206871582779,,,,,,,,,,,,,,,,,,,,,,,,,,,,,,,,,,,,,,,,,,,,,,,,,,,,,,,,,,,,,3.858768441848159,0.0422058927797707,0.1166780787659226,-0.1695023731933126,-0.176062323720176,-2.618580236028901,,,,,,,,,,,,,,,,,,,,,,,,,,,,,,,,,,
non-spinning,3,polynomial,RIT,nu-Jmrg_til,c3p_22_from_22_220_median,4906.3247325759,23.034388415849296,,,,,,,,,,,,,,,,,,,,,,,,,,,,,,,,,,,,,,,,,,,,,,,,,,,,,,,,,,,,,3.355462993674215,0.2376951525752928,1.1374896544102129,-0.5883499051208644,-0.2694041845118895,-1.731564911271001,0.6852362149352904,-0.0669985803590225,-1.4235843503179353,-1.3825171455622354,,,,,,,,,,,,,,,,,,,,,,,,,,,,,,
non-spinning,1,polynomial,RIT,nu-Heff_til-b_massless_EOB,c3p_22_from_22_220_median,3464.22517766004,15.818379806666847,,,,,,,,,,,,,,,,,,,,,,,,,,,,,,,,,,,,,,,,,,,,,,,,,,,,,,,,,,,,,2.872628672258893,-0.2373627101373545,-1.408918878460631,-0.1844266925315033,,,,,,,,,,,,,,,,,,,,,,,,,,,,,,,,,,,,
non-spinning,2,polynomial,RIT,nu-Heff_til-b_massless_EOB,c3p_22_from_22_220_median,2435.182066446616,11.432779654678948,,,,,,,,,,,,,,,,,,,,,,,,,,,,,,,,,,,,,,,,,,,,,,,,,,,,,,,,,,,,,-5.100306195736773,0.6510584172924797,6.289746032159418,11.568244090574767,-0.237251192133999,-0.6648207391225894,-0.1299848650068682,2.0699164538077115,-11.703813014649066,-1.787524096021354,,,,,,,,,,,,,,,,,,,,,,,,,,,,,,
non-spinning,3,polynomial,RIT,nu-Heff_til-b_massless_EOB,c3p_22_from_22_220_median,2670.028939513013,13.152851918783318,,,,,,,,,,,,,,,,,,,,,,,,,,,,,,,,,,,,,,,,,,,,,,,,,,,,,,,,,,,,,33.75508002655242,-12.142297432754102,-25.05667610080957,-81.09615556237601,-0.654944384665148,5.996332204146139,13.311618025654647,-12.390069779768409,65.45534381991584,51.29860137269728,1.1192561739584483,1.0656378776766973,1.1565942937279352,5.847870011874169,-10.564818016806573,1.0109261041004256,2.291633744237913,14.90843912670494,-46.8697649557005,2.5372594380788147,,,,,,,,,,,,,,,,,,,,
non-spinning,1,polynomial,RIT,nu-Jmrg_til-b_massless_EOB,c3p_22_from_22_220_median,3401.510879629812,15.532013148994572,,,,,,,,,,,,,,,,,,,,,,,,,,,,,,,,,,,,,,,,,,,,,,,,,,,,,,,,,,,,,1.87735745688236,-0.1333522605006165,-8.703259975459462,8.961374161339451,,,,,,,,,,,,,,,,,,,,,,,,,,,,,,,,,,,,
non-spinning,2,polynomial,RIT,nu-Jmrg_til-b_massless_EOB,c3p_22_from_22_220_median,2655.637149631206,12.467780045216928,,,,,,,,,,,,,,,,,,,,,,,,,,,,,,,,,,,,,,,,,,,,,,,,,,,,,,,,,,,,,1.6278965739495248,-0.1764942862328763,16.91925132355084,-16.60781385861927,-0.2190257495295652,-5.552067703589523,5.585881065287517,-22.61101868232869,1.4759527733016962,21.53555707042883,,,,,,,,,,,,,,,,,,,,,,,,,,,,,,
non-spinning,3,polynomial,RIT,nu-Jmrg_til-b_massless_EOB,c3p_22_from_22_220_median,2685.855353862691,13.23081455104774,,,,,,,,,,,,,,,,,,,,,,,,,,,,,,,,,,,,,,,,,,,,,,,,,,,,,,,,,,,,,10.198678194292636,-3.387834693133752,-196.8518242164409,181.3240571432292,-0.317074628263632,75.17866440771083,-75.56244591033956,-136.67063386517222,756.7525815103936,-628.306939259721,1.0057852471117184,0.9448803419337494,-0.0167309788684093,136.55251771183364,-356.89974242586885,225.43052751279967,588.4620161055722,-1403.1957968521178,737.0234326872175,95.85560084932187,,,,,,,,,,,,,,,,,,,,
non-spinning,1,polynomial,RIT,nu-Heff_til-Jmrg_til,c3p_22_from_22_220_median,3462.810943586656,15.811922116834046,,,,,,,,,,,,,,,,,,,,,,,,,,,,,,,,,,,,,,,,,,,,,,,,,,,,,,,,,,,,,2.855424147446176,-0.2360303868067549,-1.3812835205523315,-0.1814579231338498,,,,,,,,,,,,,,,,,,,,,,,,,,,,,,,,,,,,
non-spinning,2,polynomial,RIT,nu-Heff_til-Jmrg_til,c3p_22_from_22_220_median,2424.592967491703,11.383065575078415,,,,,,,,,,,,,,,,,,,,,,,,,,,,,,,,,,,,,,,,,,,,,,,,,,,,,,,,,,,,,-4.139756644022415,0.4781011753852799,3.4886940331046734,11.20905650056885,-0.2331590954496852,-0.4556846937917284,-0.0862108335995114,3.9717252776903367,-11.216556850223816,-1.725327836320632,,,,,,,,,,,,,,,,,,,,,,,,,,,,,,
non-spinning,3,polynomial,RIT,nu-Heff_til-Jmrg_til,c3p_22_from_22_220_median,2671.6715826091718,13.160943756695426,,,,,,,,,,,,,,,,,,,,,,,,,,,,,,,,,,,,,,,,,,,,,,,,,,,,,,,,,,,,,26.73844443955766,-10.202630297780196,-7.917109111245537,-70.14375979474839,-0.717773968153073,2.3090849386828736,12.170871690554163,-18.963646252433215,39.43194341143764,50.12539663449031,1.1147302360972078,1.0760493964337805,1.1320911772567566,7.398436127724052,-9.656200384946082,0.9263792340308072,-1.3304676973589338,29.657066998521387,-46.383088093578735,2.1358328530442554,,,,,,,,,,,,,,,,,,,,
non-spinning,1,polynomial,RIT,ecc,c4p_22_from_22_220_median,16107.004146117728,72.88237170189016,,,,,,,,,,,,,,,,,,,,,,,,,,,,,,,,,,,,,,,,,,,,,,,,,,,,,,,,,,,,,,,,,,,,,,,,,,,,,,,,,2.327279230782198,-1.3237999075449811,,,,,,,,,,,,,,,,,,
non-spinning,2,polynomial,RIT,ecc,c4p_22_from_22_220_median,14882.943760847233,67.64974436748741,,,,,,,,,,,,,,,,,,,,,,,,,,,,,,,,,,,,,,,,,,,,,,,,,,,,,,,,,,,,,,,,,,,,,,,,,,,,,,,,,2.902565253892282,-1.4400057151798171,-1.5070907079940965,,,,,,,,,,,,,,,,,
non-spinning,3,polynomial,RIT,ecc,c4p_22_from_22_220_median,14574.66366349056,66.55097563237697,,,,,,,,,,,,,,,,,,,,,,,,,,,,,,,,,,,,,,,,,,,,,,,,,,,,,,,,,,,,,,,,,,,,,,,,,,,,,,,,,2.9983160614632243,-2.3671822331073766,-1.6286512100695378,1.3215109087247616,,,,,,,,,,,,,,,,
non-spinning,1,polynomial,RIT,nu,c4p_22_from_22_220_median,18908.628785408,85.55940626881447,,,,,,,,,,,,,,,,,,,,,,,,,,,,,,,,,,,,,,,,,,,,,,,,,,,,,,,,,,,,,,,,,,,,,,,,,,,,,,,,,1.9576675296014223,0.4832955615006009,,,,,,,,,,,,,,,,,,
non-spinning,2,polynomial,RIT,nu,c4p_22_from_22_220_median,18870.001229700225,85.77273286227376,,,,,,,,,,,,,,,,,,,,,,,,,,,,,,,,,,,,,,,,,,,,,,,,,,,,,,,,,,,,,,,,,,,,,,,,,,,,,,,,,2.1083576856047115,0.6021117203861718,-0.3163267704499119,,,,,,,,,,,,,,,,,
non-spinning,3,polynomial,RIT,nu,c4p_22_from_22_220_median,18865.493256155834,86.14380482262938,,,,,,,,,,,,,,,,,,,,,,,,,,,,,,,,,,,,,,,,,,,,,,,,,,,,,,,,,,,,,,,,,,,,,,,,,,,,,,,,,2.14793779212021,0.4107528720629801,-0.3767121093442251,0.2267768103191921,,,,,,,,,,,,,,,,
non-spinning,1,polynomial,RIT,nu-ecc,c4p_22_from_22_220_median,16044.620501751398,72.93009318977909,,,,,,,,,,,,,,,,,,,,,,,,,,,,,,,,,,,,,,,,,,,,,,,,,,,,,,,,,,,,,,,,,,,,,,,,,,,,,,,,,2.165010750067601,0.2326333172261918,-1.2934425112786598,,,,,,,,,,,,,,,,,
non-spinning,2,polynomial,RIT,nu-ecc,c4p_22_from_22_220_median,14834.2514541818,68.36060577963963,,,,,,,,,,,,,,,,,,,,,,,,,,,,,,,,,,,,,,,,,,,,,,,,,,,,,,,,,,,,,,,,,,,,,,,,,,,,,,,,,2.816958297659273,0.2949571837505689,-1.2778428459181093,-0.1739606819197379,-0.1818982582339965,-1.5092771434022485,,,,,,,,,,,,,,
non-spinning,3,polynomial,RIT,nu-ecc,c4p_22_from_22_220_median,14464.439617063752,67.90816721626175,,,,,,,,,,,,,,,,,,,,,,,,,,,,,,,,,,,,,,,,,,,,,,,,,,,,,,,,,,,,,,,,,,,,,,,,,,,,,,,,,2.9521280857092504,0.4564323166501124,-2.3864505118450694,-0.4432605366671258,-0.7131842116066541,-1.705319769177889,0.0628033637172771,0.8340481947419124,0.0343918666423979,1.2802930671496786,,,,,,,,,,
non-spinning,1,polynomial,RIT,b_massless_EOB,c4p_22_from_22_220_median,17238.01867119631,78.00008448505118,,,,,,,,,,,,,,,,,,,,,,,,,,,,,,,,,,,,,,,,,,,,,,,,,,,,,,,,,,,,,,,,,,,,,,,,,,,,,,,,,1.696319581316178,1.317129567019045,,,,,,,,,,,,,,,,,,
non-spinning,2,polynomial,RIT,b_massless_EOB,c4p_22_from_22_220_median,16920.905927306132,76.91320876048242,,,,,,,,,,,,,,,,,,,,,,,,,,,,,,,,,,,,,,,,,,,,,,,,,,,,,,,,,,,,,,,,,,,,,,,,,,,,,,,,,2.5659799742881897,0.9135961336114552,-1.5346375218864468,,,,,,,,,,,,,,,,,
non-spinning,3,polynomial,RIT,b_massless_EOB,c4p_22_from_22_220_median,16685.8176534749,76.1909481893831,,,,,,,,,,,,,,,,,,,,,,,,,,,,,,,,,,,,,,,,,,,,,,,,,,,,,,,,,,,,,,,,,,,,,,,,,,,,,,,,,1.754103202681678,3.2208277299312416,-1.149444373372268,-2.9186205052277234,,,,,,,,,,,,,,,,
non-spinning,1,polynomial,RIT,nu-b_massless_EOB,c4p_22_from_22_220_median,16963.97229919699,77.10896499634995,,,,,,,,,,,,,,,,,,,,,,,,,,,,,,,,,,,,,,,,,,,,,,,,,,,,,,,,,,,,,,,,,,,,,,,,,,,,,,,,,1.3624964439401483,0.4813783071650417,1.3163925875323317,,,,,,,,,,,,,,,,,
non-spinning,2,polynomial,RIT,nu-b_massless_EOB,c4p_22_from_22_220_median,16720.41583676578,77.05260754269945,,,,,,,,,,,,,,,,,,,,,,,,,,,,,,,,,,,,,,,,,,,,,,,,,,,,,,,,,,,,,,,,,,,,,,,,,,,,,,,,,2.245618590659271,0.3227236461119128,0.8248936465088279,-0.2303905191484053,0.3351450269266511,-1.0859336769103605,,,,,,,,,,,,,,
non-spinning,3,polynomial,RIT,nu-b_massless_EOB,c4p_22_from_22_220_median,16570.403015873475,77.79531932334964,,,,,,,,,,,,,,,,,,,,,,,,,,,,,,,,,,,,,,,,,,,,,,,,,,,,,,,,,,,,,,,,,,,,,,,,,,,,,,,,,1.6630003487134055,0.359355595880706,2.712710185226625,-0.2322621481838054,0.3070703979697356,-0.7976776813085528,-0.1100875979033512,0.0679059108713438,-0.1030334128028226,-2.4646637719972984,,,,,,,,,,
non-spinning,1,polynomial,RIT,Heff_til,c4p_22_from_22_220_median,13789.670617540887,62.39669962688184,,,,,,,,,,,,,,,,,,,,,,,,,,,,,,,,,,,,,,,,,,,,,,,,,,,,,,,,,,,,,,,,,,,,,,,,,,,,,,,,,2.168981648416977,-1.5633464213072774,,,,,,,,,,,,,,,,,,
non-spinning,2,polynomial,RIT,Heff_til,c4p_22_from_22_220_median,13630.01600896406,61.95461822256391,,,,,,,,,,,,,,,,,,,,,,,,,,,,,,,,,,,,,,,,,,,,,,,,,,,,,,,,,,,,,,,,,,,,,,,,,,,,,,,,,1.806708962604329,-1.6119016670296755,0.7424475934493159,,,,,,,,,,,,,,,,,
non-spinning,3,polynomial,RIT,Heff_til,c4p_22_from_22_220_median,13531.632078417597,61.78827433067396,,,,,,,,,,,,,,,,,,,,,,,,,,,,,,,,,,,,,,,,,,,,,,,,,,,,,,,,,,,,,,,,,,,,,,,,,,,,,,,,,1.7313142961691637,-1.024740219587578,0.9808390399943738,-0.966838217642452,,,,,,,,,,,,,,,,
non-spinning,1,polynomial,RIT,nu-Heff_til,c4p_22_from_22_220_median,13736.284496034765,62.43765680015802,,,,,,,,,,,,,,,,,,,,,,,,,,,,,,,,,,,,,,,,,,,,,,,,,,,,,,,,,,,,,,,,,,,,,,,,,,,,,,,,,2.3205024216592207,-0.2242981673771412,-1.615963920285474,,,,,,,,,,,,,,,,,
non-spinning,2,polynomial,RIT,nu-Heff_til,c4p_22_from_22_220_median,13524.590874736446,62.32530357021404,,,,,,,,,,,,,,,,,,,,,,,,,,,,,,,,,,,,,,,,,,,,,,,,,,,,,,,,,,,,,,,,,,,,,,,,,,,,,,,,,2.101918161054287,-0.1420850031066141,-1.7150980695248368,-0.3160554785561081,0.0581723397712067,0.8209798308929885,,,,,,,,,,,,,,
non-spinning,3,polynomial,RIT,nu-Heff_til,c4p_22_from_22_220_median,13338.056060041885,62.61998150254405,,,,,,,,,,,,,,,,,,,,,,,,,,,,,,,,,,,,,,,,,,,,,,,,,,,,,,,,,,,,,,,,,,,,,,,,,,,,,,,,,2.13264428598908,-0.2899354608976326,-1.2800873455002688,-0.6398653026259535,-0.3022603447942119,1.007853764097488,0.3258071389853973,0.7732529771101138,0.1916885835842815,-1.2036584017631295,,,,,,,,,,
non-spinning,1,polynomial,RIT,Jmrg_til,c4p_22_from_22_220_median,18195.10084505992,82.33077305456976,,,,,,,,,,,,,,,,,,,,,,,,,,,,,,,,,,,,,,,,,,,,,,,,,,,,,,,,,,,,,,,,,,,,,,,,,,,,,,,,,1.9389383159446072,0.9908315848917936,,,,,,,,,,,,,,,,,,
non-spinning,2,polynomial,RIT,Jmrg_til,c4p_22_from_22_220_median,15139.146633208502,68.81430287822046,,,,,,,,,,,,,,,,,,,,,,,,,,,,,,,,,,,,,,,,,,,,,,,,,,,,,,,,,,,,,,,,,,,,,,,,,,,,,,,,,3.702383840760176,-0.2071911439987281,-3.8656133829640815,,,,,,,,,,,,,,,,,
non-spinning,3,polynomial,RIT,Jmrg_til,c4p_22_from_22_220_median,14985.859051537993,68.4285801440091,,,,,,,,,,,,,,,,,,,,,,,,,,,,,,,,,,,,,,,,,,,,,,,,,,,,,,,,,,,,,,,,,,,,,,,,,,,,,,,,,3.050932715310418,1.7164405460162115,-3.576441135488713,-2.4288639974320843,,,,,,,,,,,,,,,,
non-spinning,1,polynomial,RIT,nu-Jmrg_til,c4p_22_from_22_220_median,17845.88447844601,81.11765672020913,,,,,,,,,,,,,,,,,,,,,,,,,,,,,,,,,,,,,,,,,,,,,,,,,,,,,,,,,,,,,,,,,,,,,,,,,,,,,,,,,1.5473477922464016,0.5445363222617756,1.0288524096430571,,,,,,,,,,,,,,,,,
non-spinning,2,polynomial,RIT,nu-Jmrg_til,c4p_22_from_22_220_median,15053.18726666681,69.36952657450142,,,,,,,,,,,,,,,,,,,,,,,,,,,,,,,,,,,,,,,,,,,,,,,,,,,,,,,,,,,,,,,,,,,,,,,,,,,,,,,,,3.973941278772368,-0.0212093434895364,-0.1304512709255088,-0.125329375306788,-0.3482498537886282,-4.186283349371173,,,,,,,,,,,,,,
non-spinning,3,polynomial,RIT,nu-Jmrg_til,c4p_22_from_22_220_median,14641.958234887254,68.74158795721715,,,,,,,,,,,,,,,,,,,,,,,,,,,,,,,,,,,,,,,,,,,,,,,,,,,,,,,,,,,,,,,,,,,,,,,,,,,,,,,,,2.621531447138653,0.9395398831932432,2.814866624802276,-0.394148321468122,-0.7144884973444556,-2.8185865771129874,0.1088590232494726,-0.1388065996548363,-1.9441904249561568,-3.576045872187406,,,,,,,,,,
non-spinning,1,polynomial,RIT,nu-Heff_til-b_massless_EOB,c4p_22_from_22_220_median,13724.656701173204,62.66966530216075,,,,,,,,,,,,,,,,,,,,,,,,,,,,,,,,,,,,,,,,,,,,,,,,,,,,,,,,,,,,,,,,,,,,,,,,,,,,,,,,,2.252216518070766,-0.200946546356779,-1.562206811981944,0.1243495764046298,,,,,,,,,,,,,,,,
non-spinning,2,polynomial,RIT,nu-Heff_til-b_massless_EOB,c4p_22_from_22_220_median,12027.050177806765,56.46502430895194,,,,,,,,,,,,,,,,,,,,,,,,,,,,,,,,,,,,,,,,,,,,,,,,,,,,,,,,,,,,,,,,,,,,,,,,,,,,,,,,,-5.490618179033402,0.1487268696677788,4.808377324302148,10.936406137701498,-0.1234043280762003,0.294295903434609,0.1488804656647353,4.537341381652693,-9.925021187313202,-2.6445671416801244,,,,,,,,,,
non-spinning,3,polynomial,RIT,nu-Heff_til-b_massless_EOB,c4p_22_from_22_220_median,11462.341186280895,56.46473490778766,,,,,,,,,,,,,,,,,,,,,,,,,,,,,,,,,,,,,,,,,,,,,,,,,,,,,,,,,,,,,,,,,,,,,,,,,,,,,,,,,1.850660271225822,-1.9177926083751844,2.289022040587267,-3.561417783680698,-2.2706726017540304,-7.83958518333946,-2.8833182800681065,-5.585638489470009,0.92042770121894,9.954678200258254,0.4820488454434478,3.714314282307296,2.059837965583454,9.759118948072224,6.6640186733195295,3.3477200946815566,3.742196570640681,5.448494435312566,-12.7072800287409,-3.898229422132976
non-spinning,1,polynomial,RIT,nu-Jmrg_til-b_massless_EOB,c4p_22_from_22_220_median,13724.672384421248,62.66973691516551,,,,,,,,,,,,,,,,,,,,,,,,,,,,,,,,,,,,,,,,,,,,,,,,,,,,,,,,,,,,,,,,,,,,,,,,,,,,,,,,,1.1602319591643395,-0.0996741819364605,-9.54502892676142,10.183307944615033,,,,,,,,,,,,,,,,
non-spinning,2,polynomial,RIT,nu-Jmrg_til-b_massless_EOB,c4p_22_from_22_220_median,12957.602312257906,60.83381367257233,,,,,,,,,,,,,,,,,,,,,,,,,,,,,,,,,,,,,,,,,,,,,,,,,,,,,,,,,,,,,,,,,,,,,,,,,,,,,,,,,2.450322750452945,-0.1951679751501787,7.646200515001501,-7.4817610962669905,-0.2595116870477928,-3.64989992293109,3.340190502546452,-6.8254265012026085,-13.760234238040756,18.5611611878605,,,,,,,,,,
non-spinning,3,polynomial,RIT,nu-Jmrg_til-b_massless_EOB,c4p_22_from_22_220_median,12526.876129703927,61.70874940740851,,,,,,,,,,,,,,,,,,,,,,,,,,,,,,,,,,,,,,,,,,,,,,,,,,,,,,,,,,,,,,,,,,,,,,,,,,,,,,,,,1.61981282164159,0.9341899920039186,14.473678146840278,-12.614370838760545,-0.2984457122036645,-11.11262938147594,10.298392482616135,-2.939073698017263,-1.115266137625607,2.568666069036182,0.0709486702139597,7.13601306172163,-7.503445962159231,-3.1373523082802333,0.1422324937974634,0.9967187795081778,-5.1483629800685335,-3.1151606261789584,-26.393150982804457,32.62350012432712
non-spinning,1,polynomial,RIT,nu-Heff_til-Jmrg_til,c4p_22_from_22_220_median,13724.73575920485,62.67002629773904,,,,,,,,,,,,,,,,,,,,,,,,,,,,,,,,,,,,,,,,,,,,,,,,,,,,,,,,,,,,,,,,,,,,,,,,,,,,,,,,,2.2658913923717527,-0.202254241548995,-1.5816264800457045,0.1175909438182923,,,,,,,,,,,,,,,,
non-spinning,2,polynomial,RIT,nu-Heff_til-Jmrg_til,c4p_22_from_22_220_median,12044.315373933448,56.54608156776267,,,,,,,,,,,,,,,,,,,,,,,,,,,,,,,,,,,,,,,,,,,,,,,,,,,,,,,,,,,,,,,,,,,,,,,,,,,,,,,,,-4.505124575097071,0.0275738369235956,2.2445052724607373,10.225062832270524,-0.1233614955498993,0.4286184137205946,0.1807078896298389,6.088281810187797,-9.051566435422934,-2.4423327991797987,,,,,,,,,,
non-spinning,3,polynomial,RIT,nu-Heff_til-Jmrg_til,c4p_22_from_22_220_median,11579.630966979224,57.04251707871539,,,,,,,,,,,,,,,,,,,,,,,,,,,,,,,,,,,,,,,,,,,,,,,,,,,,,,,,,,,,,,,,,,,,,,,,,,,,,,,,,5.2990717694862814,-10.025114308247629,-1.455074761238997,-3.519494065738189,-1.1228649666380872,-0.8460813611403939,9.404950139644937,-6.027386588554314,-0.5240807373771459,1.4960756526797176,0.4113930709293903,2.6595484370455926,1.729765241196255,12.528790423830362,-5.797549492454428,1.580378353950416,3.5218574343814084,5.798643681399738,-2.129877899822179,-1.5590397170101118
